Date,Time,Scrip Name,Scrip Type,Quantity,Price,Value
20-10-2025,10:18:11,NIFTY 20 OCT 2025 PE 25900.00,BUY,300,90.5,27150
20-10-2025,10:19:44,NIFTY 20 OCT 2025 CE 25800.00,BUY,300,88.25,26475
20-10-2025,10:19:46,NIFTY 20 OCT 2025 PE 25900.00,SELL,300,92.1,27630
20-10-2025,10:20:36,NIFTY 20 OCT 2025 PE 25900.00,BUY,300,91.1,27330
20-10-2025,10:21:07,NIFTY 20 OCT 2025 CE 25800.00,SELL,300,85.25,25575
20-10-2025,10:21:59,NIFTY 20 OCT 2025 CE 25800.00,BUY,300,87.2,26160
20-10-2025,10:22:04,NIFTY 20 OCT 2025 PE 25900.00,SELL,300,88.6,26580
20-10-2025,10:22:19,NIFTY 20 OCT 2025 PE 25900.00,BUY,300,93.95,28185
20-10-2025,10:22:44,NIFTY 20 OCT 2025 PE 25900.00,SELL,300,87.9,26370
20-10-2025,10:23:03,NIFTY 20 OCT 2025 PE 25900.00,BUY,300,93.45,28035
20-10-2025,10:24:13,NIFTY 20 OCT 2025 PE 25900.00,SELL,300,86.6,25980
20-10-2025,10:26:37,NIFTY 20 OCT 2025 CE 25800.00,SELL,300,96.9,29070
20-10-2025,10:26:40,NIFTY 20 OCT 2025 CE 25800.00,BUY,300,98.25,29475
20-10-2025,10:26:43,NIFTY 20 OCT 2025 CE 25800.00,SELL,300,96.8,29040
20-10-2025,10:26:47,NIFTY 20 OCT 2025 CE 25800.00,BUY,300,98,29400
20-10-2025,10:26:50,NIFTY 20 OCT 2025 CE 25800.00,SELL,300,97.1,29130
20-10-2025,10:27:28,NIFTY 20 OCT 2025 PE 25900.00,BUY,300,80.65,24195
20-10-2025,10:29:08,NIFTY 20 OCT 2025 PE 25900.00,SELL,300,93.5,28050
20-10-2025,10:31:12,NIFTY 20 OCT 2025 CE 25800.00,BUY,300,76.5,22950
20-10-2025,10:31:21,NIFTY 20 OCT 2025 PE 25900.00,BUY,300,100.95,30285
20-10-2025,10:31:41,NIFTY 20 OCT 2025 PE 25900.00,SELL,300,99.5,29850
20-10-2025,10:31:43,NIFTY 20 OCT 2025 PE 25900.00,BUY,300,100.75,30225
20-10-2025,10:31:49,NIFTY 20 OCT 2025 PE 25900.00,SELL,300,98.3,29490
20-10-2025,10:32:03,NIFTY 20 OCT 2025 PE 25900.00,BUY,300,100,30000
20-10-2025,10:32:12,NIFTY 20 OCT 2025 PE 25900.00,SELL,300,95.5,28650
20-10-2025,10:33:14,NIFTY 20 OCT 2025 PE 25900.00,BUY,300,94.3,28290
20-10-2025,10:33:19,NIFTY 20 OCT 2025 CE 25800.00,SELL,300,79.6,23880
20-10-2025,10:33:26,NIFTY 20 OCT 2025 CE 25800.00,BUY,300,80.75,24225
20-10-2025,10:34:07,NIFTY 20 OCT 2025 CE 25800.00,SELL,300,78.9,23670
20-10-2025,10:34:18,NIFTY 20 OCT 2025 CE 25800.00,BUY,300,79.9,23970
20-10-2025,10:34:39,NIFTY 20 OCT 2025 CE 25800.00,SELL,300,80.85,24255
20-10-2025,10:34:41,NIFTY 20 OCT 2025 CE 25800.00,BUY,300,81.15,24345
20-10-2025,10:34:42,NIFTY 20 OCT 2025 PE 25900.00,SELL,300,91.05,27315
20-10-2025,10:34:45,NIFTY 20 OCT 2025 CE 25800.00,SELL,300,81.7,24510
20-10-2025,10:34:47,NIFTY 20 OCT 2025 CE 25800.00,BUY,300,82.6,24780
20-10-2025,10:34:50,NIFTY 20 OCT 2025 CE 25800.00,SELL,300,83.75,25125
20-10-2025,10:34:52,NIFTY 20 OCT 2025 CE 25800.00,BUY,300,84.05,25215
20-10-2025,10:34:55,NIFTY 20 OCT 2025 CE 25800.00,SELL,300,84.3,25290
20-10-2025,10:34:58,NIFTY 20 OCT 2025 CE 25800.00,BUY,300,84.9,25470
20-10-2025,10:35:00,NIFTY 20 OCT 2025 CE 25800.00,SELL,300,84.9,25470
20-10-2025,10:35:03,NIFTY 20 OCT 2025 CE 25800.00,BUY,300,81.75,24525
20-10-2025,10:35:12,NIFTY 20 OCT 2025 CE 25800.00,SELL,300,81.45,24435
20-10-2025,10:35:14,NIFTY 20 OCT 2025 CE 25800.00,BUY,300,81,24300
20-10-2025,10:35:19,NIFTY 20 OCT 2025 CE 25800.00,SELL,300,81.7,24510
20-10-2025,10:35:21,NIFTY 20 OCT 2025 CE 25800.00,BUY,300,82.15,24645
20-10-2025,10:35:23,NIFTY 20 OCT 2025 CE 25800.00,SELL,300,82.25,24675
20-10-2025,10:35:25,NIFTY 20 OCT 2025 CE 25800.00,BUY,300,82.4,24720
20-10-2025,10:35:27,NIFTY 20 OCT 2025 CE 25800.00,SELL,300,82.35,24705
20-10-2025,10:35:29,NIFTY 20 OCT 2025 CE 25800.00,BUY,300,83.1,24930
20-10-2025,10:35:31,NIFTY 20 OCT 2025 CE 25800.00,SELL,300,83.55,25065
20-10-2025,10:35:33,NIFTY 20 OCT 2025 CE 25800.00,BUY,300,84,25200
20-10-2025,10:39:17,NIFTY 20 OCT 2025 CE 25800.00,SELL,300,97.95,29385
20-10-2025,10:40:35,NIFTY 20 OCT 2025 PE 25900.00,BUY,300,78.4,23520
20-10-2025,10:40:38,NIFTY 20 OCT 2025 CE 25800.00,BUY,300,92.5,27750
20-10-2025,10:40:42,NIFTY 20 OCT 2025 CE 25800.00,SELL,300,89,26700
20-10-2025,10:41:18,NIFTY 20 OCT 2025 CE 25800.00,BUY,300,90.95,27285
20-10-2025,10:42:04,NIFTY 20 OCT 2025 PE 25900.00,SELL,300,70,21000
20-10-2025,10:42:45,NIFTY 20 OCT 2025 CE 25700.00,BUY,300,185.55,55665
20-10-2025,10:47:48,NIFTY 20 OCT 2025 PE 26050.00,BUY,300,175.95,52785
20-10-2025,10:49:35,NIFTY 20 OCT 2025 PE 26050.00,SELL,300,168.85,50655
20-10-2025,10:51:09,NIFTY 20 OCT 2025 CE 25700.00,SELL,300,207,62100
20-10-2025,10:51:11,NIFTY 20 OCT 2025 CE 25700.00,BUY,300,206.1,61830
20-10-2025,10:51:14,NIFTY 20 OCT 2025 CE 25700.00,SELL,300,206.45,61935
20-10-2025,10:51:17,NIFTY 20 OCT 2025 CE 25700.00,BUY,300,204.8,61440
20-10-2025,10:51:20,NIFTY 20 OCT 2025 CE 25700.00,SELL,300,204.4,61320
20-10-2025,10:51:23,NIFTY 20 OCT 2025 CE 25700.00,BUY,300,202,60600
20-10-2025,10:51:26,NIFTY 20 OCT 2025 CE 25700.00,SELL,300,200.5,60150
20-10-2025,10:51:29,NIFTY 20 OCT 2025 CE 25700.00,BUY,300,199.65,59895
20-10-2025,10:51:31,NIFTY 20 OCT 2025 CE 25700.00,SELL,300,199.4,59820
20-10-2025,10:51:35,NIFTY 20 OCT 2025 CE 25700.00,BUY,300,201.5,60450
20-10-2025,10:51:38,NIFTY 20 OCT 2025 CE 25700.00,SELL,300,202.55,60765
20-10-2025,10:51:41,NIFTY 20 OCT 2025 CE 25700.00,BUY,300,203.2,60960
20-10-2025,10:51:43,NIFTY 20 OCT 2025 CE 25700.00,SELL,300,201.85,60555
20-10-2025,10:51:46,NIFTY 20 OCT 2025 CE 25700.00,BUY,300,202,60600
20-10-2025,10:51:49,NIFTY 20 OCT 2025 CE 25700.00,SELL,300,202,60600
20-10-2025,10:51:52,NIFTY 20 OCT 2025 CE 25700.00,BUY,300,201.05,60315
20-10-2025,10:51:55,NIFTY 20 OCT 2025 CE 25700.00,SELL,300,201.7,60510
20-10-2025,10:51:58,NIFTY 20 OCT 2025 CE 25700.00,BUY,300,201.15,60345
20-10-2025,10:52:00,NIFTY 20 OCT 2025 CE 25700.00,SELL,300,200.9,60270
20-10-2025,10:52:03,NIFTY 20 OCT 2025 CE 25700.00,BUY,300,199.65,59895
20-10-2025,10:52:07,NIFTY 20 OCT 2025 CE 25700.00,SELL,300,201.6,60480
20-10-2025,10:52:09,NIFTY 20 OCT 2025 CE 25700.00,BUY,300,201.15,60345
20-10-2025,10:52:12,NIFTY 20 OCT 2025 CE 25700.00,SELL,300,203.15,60945
20-10-2025,10:52:14,NIFTY 20 OCT 2025 CE 25700.00,BUY,300,202.2,60660
20-10-2025,10:52:17,NIFTY 20 OCT 2025 CE 25700.00,SELL,300,204,61200
20-10-2025,10:52:20,NIFTY 20 OCT 2025 CE 25700.00,BUY,300,204.25,61275
20-10-2025,10:52:22,NIFTY 20 OCT 2025 CE 25700.00,SELL,300,204.9,61470
20-10-2025,10:52:25,NIFTY 20 OCT 2025 CE 25700.00,BUY,300,204.65,61395
20-10-2025,10:52:27,NIFTY 20 OCT 2025 CE 25700.00,SELL,300,204.75,61425
20-10-2025,10:52:30,NIFTY 20 OCT 2025 CE 25700.00,BUY,300,204.05,61215
20-10-2025,10:52:33,NIFTY 20 OCT 2025 CE 25700.00,SELL,300,205.5,61650
20-10-2025,10:52:35,NIFTY 20 OCT 2025 CE 25700.00,BUY,300,205,61500
20-10-2025,10:52:39,NIFTY 20 OCT 2025 CE 25700.00,SELL,300,205.65,61695
20-10-2025,10:52:41,NIFTY 20 OCT 2025 CE 25700.00,BUY,300,207.9,62370
20-10-2025,10:52:44,NIFTY 20 OCT 2025 CE 25700.00,SELL,300,207.95,62385
20-10-2025,10:52:47,NIFTY 20 OCT 2025 CE 25700.00,BUY,300,207.75,62325
20-10-2025,10:52:49,NIFTY 20 OCT 2025 CE 25700.00,SELL,300,207.65,62295
20-10-2025,10:52:51,NIFTY 20 OCT 2025 CE 25700.00,BUY,300,206.65,61995
20-10-2025,10:52:53,NIFTY 20 OCT 2025 CE 25700.00,SELL,300,207.35,62205
20-10-2025,10:52:55,NIFTY 20 OCT 2025 CE 25700.00,BUY,300,210.15,63045
20-10-2025,10:52:57,NIFTY 20 OCT 2025 CE 25700.00,SELL,300,208,62400
20-10-2025,10:52:59,NIFTY 20 OCT 2025 CE 25700.00,BUY,300,205.95,61785
20-10-2025,10:53:01,NIFTY 20 OCT 2025 CE 25700.00,SELL,300,205.9,61770
20-10-2025,10:53:03,NIFTY 20 OCT 2025 CE 25700.00,BUY,300,204,61200
20-10-2025,10:53:05,NIFTY 20 OCT 2025 CE 25700.00,SELL,300,204.7,61410
20-10-2025,10:53:07,NIFTY 20 OCT 2025 CE 25700.00,BUY,300,205,61500
20-10-2025,10:53:10,NIFTY 20 OCT 2025 CE 25700.00,SELL,300,204.55,61365
20-10-2025,10:53:12,NIFTY 20 OCT 2025 CE 25700.00,BUY,300,204.1,61230
20-10-2025,10:53:14,NIFTY 20 OCT 2025 CE 25700.00,SELL,300,204.3,61290
20-10-2025,10:53:16,NIFTY 20 OCT 2025 CE 25700.00,BUY,300,204.35,61305
20-10-2025,10:53:18,NIFTY 20 OCT 2025 CE 25700.00,SELL,300,205.75,61725
20-10-2025,10:53:20,NIFTY 20 OCT 2025 CE 25700.00,BUY,300,206.5,61950
20-10-2025,10:53:22,NIFTY 20 OCT 2025 CE 25700.00,SELL,300,204.55,61365
20-10-2025,10:53:24,NIFTY 20 OCT 2025 CE 25700.00,BUY,300,204.4,61320
20-10-2025,10:53:26,NIFTY 20 OCT 2025 CE 25700.00,SELL,300,203.75,61125
20-10-2025,10:53:28,NIFTY 20 OCT 2025 CE 25700.00,BUY,300,203.9,61170
20-10-2025,10:53:30,NIFTY 20 OCT 2025 CE 25700.00,SELL,300,203.5,61050
20-10-2025,10:53:43,NIFTY 20 OCT 2025 PE 26050.00,BUY,300,161.6,48480
20-10-2025,10:55:11,NIFTY 20 OCT 2025 PE 26050.00,SELL,300,167.3,50190
20-10-2025,10:55:25,NIFTY 20 OCT 2025 PE 26050.00,BUY,300,170.25,51075
20-10-2025,10:55:28,NIFTY 20 OCT 2025 PE 26050.00,SELL,300,169.75,50925
20-10-2025,10:55:31,NIFTY 20 OCT 2025 PE 26050.00,BUY,300,168.85,50655
20-10-2025,10:55:40,NIFTY 20 OCT 2025 CE 25700.00,BUY,300,201.2,60360
20-10-2025,10:56:27,NIFTY 20 OCT 2025 CE 25700.00,SELL,300,196.55,58965
20-10-2025,10:56:45,NIFTY 20 OCT 2025 PE 26050.00,SELL,300,170.85,51255
20-10-2025,10:56:49,NIFTY 20 OCT 2025 PE 26050.00,BUY,300,170.55,51165
20-10-2025,10:56:52,NIFTY 20 OCT 2025 PE 26050.00,SELL,300,171.1,51330
20-10-2025,10:56:55,NIFTY 20 OCT 2025 PE 26050.00,BUY,300,172.9,51870
20-10-2025,10:58:56,NIFTY 20 OCT 2025 CE 25700.00,BUY,300,194.9,58470
20-10-2025,10:59:08,NIFTY 20 OCT 2025 PE 26050.00,SELL,300,166.7,50010
20-10-2025,11:01:48,NIFTY 20 OCT 2025 PE 26050.00,BUY,300,165.8,49740
20-10-2025,11:03:03,NIFTY 20 OCT 2025 CE 25700.00,SELL,300,190,57000
20-10-2025,11:03:31,NIFTY 20 OCT 2025 CE 25700.00,BUY,300,196.35,58905
20-10-2025,11:03:39,NIFTY 20 OCT 2025 PE 26050.00,SELL,300,159.5,47850
20-10-2025,11:04:15,NIFTY 20 OCT 2025 PE 26050.00,BUY,300,164.75,49425
20-10-2025,11:07:22,NIFTY 20 OCT 2025 CE 25700.00,SELL,300,193.3,57990
20-10-2025,11:08:44,NIFTY 20 OCT 2025 PE 26050.00,SELL,300,175.3,52590
20-10-2025,11:08:46,NIFTY 20 OCT 2025 PE 26050.00,BUY,300,171.85,51555
20-10-2025,11:08:49,NIFTY 20 OCT 2025 PE 26050.00,SELL,300,172,51600
20-10-2025,11:08:51,NIFTY 20 OCT 2025 PE 26050.00,BUY,300,169.9,50970
20-10-2025,11:09:15,NIFTY 20 OCT 2025 CE 25700.00,BUY,300,197.95,59385
20-10-2025,11:09:29,NIFTY 20 OCT 2025 PE 26050.00,SELL,300,163,48900
20-10-2025,11:09:34,NIFTY 20 OCT 2025 CE 25700.00,SELL,300,200.95,60285
20-10-2025,11:09:37,NIFTY 20 OCT 2025 CE 25700.00,BUY,300,201.1,60330
20-10-2025,11:09:40,NIFTY 20 OCT 2025 CE 25700.00,SELL,300,200.55,60165
20-10-2025,11:09:44,NIFTY 20 OCT 2025 CE 25700.00,BUY,300,201.65,60495
20-10-2025,11:09:47,NIFTY 20 OCT 2025 CE 25700.00,SELL,300,201.2,60360
20-10-2025,11:09:51,NIFTY 20 OCT 2025 CE 25700.00,BUY,300,200.4,60120
20-10-2025,11:10:08,NIFTY 20 OCT 2025 PE 26050.00,BUY,300,168.25,50475
20-10-2025,11:10:16,NIFTY 20 OCT 2025 CE 25700.00,SELL,300,192,57600
20-10-2025,11:10:38,NIFTY 20 OCT 2025 CE 25700.00,BUY,300,196.7,59010
20-10-2025,11:10:57,NIFTY 20 OCT 2025 CE 25700.00,SELL,300,201.15,60345
20-10-2025,11:11:00,NIFTY 20 OCT 2025 CE 25700.00,BUY,300,201.15,60345
20-10-2025,11:11:32,NIFTY 20 OCT 2025 CE 25700.00,SELL,300,196.25,58875
20-10-2025,11:11:56,NIFTY 20 OCT 2025 PE 26050.00,SELL,300,166.45,49935
20-10-2025,11:12:15,NIFTY 20 OCT 2025 CE 25700.00,BUY,300,190.3,57090
20-10-2025,11:12:16,NIFTY 20 OCT 2025 PE 26050.00,BUY,300,172.3,51690
20-10-2025,11:12:19,NIFTY 20 OCT 2025 PE 26050.00,SELL,300,170.15,51045
20-10-2025,11:12:21,NIFTY 20 OCT 2025 PE 26050.00,BUY,300,170,51000
20-10-2025,11:12:23,NIFTY 20 OCT 2025 PE 26050.00,SELL,300,169.85,50955
20-10-2025,11:12:26,NIFTY 20 OCT 2025 PE 26050.00,BUY,300,168.5,50550
20-10-2025,11:12:29,NIFTY 20 OCT 2025 CE 25700.00,SELL,300,195.15,58545
20-10-2025,11:12:38,NIFTY 20 OCT 2025 PE 26050.00,SELL,300,169.8,50940
20-10-2025,11:12:40,NIFTY 20 OCT 2025 PE 26050.00,BUY,300,168.1,50430
20-10-2025,11:12:45,NIFTY 20 OCT 2025 PE 26050.00,SELL,300,169.85,50955
20-10-2025,11:12:48,NIFTY 20 OCT 2025 PE 26050.00,BUY,300,170.05,51015
20-10-2025,11:12:59,NIFTY 20 OCT 2025 PE 26050.00,SELL,300,170.2,51060
20-10-2025,11:13:02,NIFTY 20 OCT 2025 PE 26050.00,BUY,300,170.4,51120
20-10-2025,11:13:05,NIFTY 20 OCT 2025 PE 26050.00,SELL,300,170.25,51075
20-10-2025,11:13:08,NIFTY 20 OCT 2025 PE 26050.00,BUY,300,169.95,50985
20-10-2025,11:13:11,NIFTY 20 OCT 2025 CE 25700.00,BUY,300,190.5,57150
20-10-2025,11:13:12,NIFTY 20 OCT 2025 PE 26050.00,SELL,300,172,51600
20-10-2025,11:13:15,NIFTY 20 OCT 2025 PE 26050.00,BUY,300,169.25,50775
20-10-2025,11:13:22,NIFTY 20 OCT 2025 PE 26050.00,SELL,300,171,51300
20-10-2025,11:13:25,NIFTY 20 OCT 2025 PE 26050.00,BUY,300,170.1,51030
20-10-2025,11:13:29,NIFTY 20 OCT 2025 PE 26050.00,SELL,300,174.55,52365
20-10-2025,11:13:31,NIFTY 20 OCT 2025 PE 26050.00,BUY,300,174.4,52320
20-10-2025,11:13:36,NIFTY 20 OCT 2025 PE 26050.00,SELL,300,174.15,52245
20-10-2025,11:13:39,NIFTY 20 OCT 2025 PE 26050.00,BUY,300,171.05,51315
20-10-2025,11:13:48,NIFTY 20 OCT 2025 PE 26050.00,SELL,300,172.5,51750
20-10-2025,11:13:51,NIFTY 20 OCT 2025 PE 26050.00,BUY,300,173.65,52095
20-10-2025,11:13:53,NIFTY 20 OCT 2025 CE 25700.00,SELL,300,187.8,56340
20-10-2025,11:13:54,NIFTY 20 OCT 2025 PE 26050.00,SELL,300,176.35,52905
20-10-2025,11:13:57,NIFTY 20 OCT 2025 PE 26050.00,BUY,300,172.9,51870
20-10-2025,11:14:01,NIFTY 20 OCT 2025 PE 26050.00,SELL,300,175,52500
20-10-2025,11:14:04,NIFTY 20 OCT 2025 PE 26050.00,BUY,300,173.9,52170
20-10-2025,11:14:19,NIFTY 20 OCT 2025 CE 25700.00,BUY,300,194.05,58215
20-10-2025,11:14:25,NIFTY 20 OCT 2025 CE 25700.00,SELL,300,193.9,58170
20-10-2025,11:15:05,NIFTY 20 OCT 2025 PE 26050.00,SELL,300,163.8,49140
20-10-2025,11:15:36,NIFTY 20 OCT 2025 PE 26050.00,BUY,300,168,50400
20-10-2025,11:16:28,NIFTY 20 OCT 2025 PE 26050.00,SELL,300,171.95,51585
20-10-2025,11:16:29,NIFTY 20 OCT 2025 CE 25700.00,BUY,300,190.35,57105
20-10-2025,11:16:30,NIFTY 20 OCT 2025 PE 26050.00,BUY,300,171.6,51480
20-10-2025,11:16:33,NIFTY 20 OCT 2025 PE 26050.00,SELL,300,173.25,51975
20-10-2025,11:16:36,NIFTY 20 OCT 2025 PE 26050.00,BUY,300,173.3,51990
20-10-2025,11:16:38,NIFTY 20 OCT 2025 PE 26050.00,SELL,300,173.25,51975
20-10-2025,11:16:40,NIFTY 20 OCT 2025 PE 26050.00,BUY,300,173.7,52110
20-10-2025,11:16:42,NIFTY 20 OCT 2025 PE 26050.00,SELL,300,173.95,52185
20-10-2025,11:16:44,NIFTY 20 OCT 2025 PE 26050.00,BUY,300,174.8,52440
20-10-2025,11:16:46,NIFTY 20 OCT 2025 CE 25700.00,SELL,300,181.65,54495
20-10-2025,11:16:46,NIFTY 20 OCT 2025 PE 26050.00,SELL,300,177.8,53340
20-10-2025,11:16:49,NIFTY 20 OCT 2025 PE 26050.00,BUY,300,178.7,53610
20-10-2025,11:16:51,NIFTY 20 OCT 2025 PE 26050.00,SELL,300,178.2,53460
20-10-2025,11:16:53,NIFTY 20 OCT 2025 PE 26050.00,BUY,300,177.05,53115
20-10-2025,11:19:23,NIFTY 20 OCT 2025 PE 26050.00,SELL,300,205.2,61560
20-10-2025,11:20:31,NIFTY 20 OCT 2025 CE 25700.00,BUY,300,174.8,52440
20-10-2025,11:20:37,NIFTY 20 OCT 2025 PE 26050.00,BUY,300,192.45,57735
20-10-2025,11:20:51,NIFTY 20 OCT 2025 CE 25700.00,SELL,300,171.45,51435
20-10-2025,11:20:52,NIFTY 20 OCT 2025 PE 26050.00,SELL,300,193,57900
20-10-2025,11:20:55,NIFTY 20 OCT 2025 PE 26050.00,BUY,300,194,58200
20-10-2025,11:20:57,NIFTY 20 OCT 2025 PE 26050.00,SELL,300,199.45,59835
20-10-2025,11:21:00,NIFTY 20 OCT 2025 PE 26050.00,BUY,300,204.7,61410
20-10-2025,11:22:07,NIFTY 20 OCT 2025 CE 25700.00,BUY,300,167,50100
20-10-2025,11:23:01,NIFTY 20 OCT 2025 PE 26050.00,SELL,300,192.5,57750
20-10-2025,11:23:41,NIFTY 20 OCT 2025 PE 26050.00,BUY,300,201.6,60480
20-10-2025,11:26:07,NIFTY 20 OCT 2025 CE 25700.00,SELL,300,157.05,47115
20-10-2025,11:26:47,NIFTY 20 OCT 2025 PE 26050.00,BUY,300,210.7,63210
20-10-2025,11:28:17,NIFTY 20 OCT 2025 CE 25650.00,BUY,300,209.95,62985
20-10-2025,11:28:44,NIFTY 20 OCT 2025 PE 26050.00,SELL,300,199.8,59940
20-10-2025,11:28:49,NIFTY 20 OCT 2025 PE 26050.00,BUY,300,201.25,60375
20-10-2025,11:28:59,NIFTY 20 OCT 2025 PE 26050.00,SELL,300,199.15,59745
20-10-2025,11:30:26,NIFTY 20 OCT 2025 CE 25650.00,SELL,300,219.35,65805
20-10-2025,11:30:29,NIFTY 20 OCT 2025 CE 25650.00,BUY,300,216.95,65085
20-10-2025,11:30:43,NIFTY 20 OCT 2025 PE 26050.00,BUY,300,198.4,59520
20-10-2025,11:30:45,NIFTY 20 OCT 2025 CE 25650.00,SELL,300,213.95,64185
20-10-2025,11:31:17,NIFTY 20 OCT 2025 PE 26050.00,SELL,300,201.5,60450
20-10-2025,11:31:23,NIFTY 20 OCT 2025 CE 25650.00,BUY,300,205.5,61650
20-10-2025,11:31:24,NIFTY 20 OCT 2025 PE 26050.00,BUY,300,204.5,61350
20-10-2025,11:31:26,NIFTY 20 OCT 2025 CE 25650.00,SELL,300,207.15,62145
20-10-2025,11:31:27,NIFTY 20 OCT 2025 PE 26050.00,SELL,300,203.15,60945
20-10-2025,11:31:30,NIFTY 20 OCT 2025 PE 26050.00,BUY,300,203.7,61110
20-10-2025,11:31:33,NIFTY 20 OCT 2025 PE 26050.00,SELL,300,202.6,60780
20-10-2025,11:31:36,NIFTY 20 OCT 2025 PE 26050.00,BUY,300,208.25,62475
20-10-2025,11:39:14,NIFTY 20 OCT 2025 PE 26050.00,BUY,150,198.45,29767.5
20-10-2025,11:39:52,NIFTY 20 OCT 2025 PE 26050.00,SELL,150,203.95,30592.5
20-10-2025,11:40:17,NIFTY 20 OCT 2025 PE 26050.00,BUY,150,197.9,29685
20-10-2025,11:40:26,NIFTY 20 OCT 2025 PE 26050.00,SELL,150,205,30750
20-10-2025,11:40:44,NIFTY 20 OCT 2025 CE 25650.00,BUY,150,199.45,29917.5
20-10-2025,11:41:04,NIFTY 20 OCT 2025 PE 26050.00,BUY,150,213,31950
20-10-2025,11:41:06,NIFTY 20 OCT 2025 PE 26050.00,SELL,150,211.4,31710
20-10-2025,11:41:11,NIFTY 20 OCT 2025 PE 26050.00,BUY,150,213.95,32092.5
20-10-2025,11:41:13,NIFTY 20 OCT 2025 PE 26050.00,SELL,150,214.75,32212.5
20-10-2025,11:41:16,NIFTY 20 OCT 2025 CE 25650.00,SELL,150,192.85,28927.5
20-10-2025,11:41:17,NIFTY 20 OCT 2025 PE 26050.00,BUY,150,215.4,32310
20-10-2025,11:42:25,NIFTY 20 OCT 2025 CE 25650.00,BUY,150,194.65,29197.5
20-10-2025,11:42:28,NIFTY 20 OCT 2025 PE 26050.00,SELL,150,213.4,32010
20-10-2025,11:43:14,NIFTY 20 OCT 2025 PE 26050.00,BUY,150,212.55,31882.5
20-10-2025,11:44:15,NIFTY 20 OCT 2025 PE 26050.00,SELL,150,205.9,30885
20-10-2025,11:45:52,NIFTY 20 OCT 2025 PE 26050.00,BUY,150,211.65,31747.5
20-10-2025,11:46:15,NIFTY 20 OCT 2025 CE 25650.00,SELL,150,189.4,28410
20-10-2025,11:46:47,NIFTY 20 OCT 2025 PE 26050.00,SELL,150,221.6,33240
20-10-2025,11:46:50,NIFTY 20 OCT 2025 PE 26050.00,BUY,150,222.4,33360
20-10-2025,11:46:54,NIFTY 20 OCT 2025 PE 26050.00,SELL,150,219.35,32902.5
20-10-2025,11:46:57,NIFTY 20 OCT 2025 PE 26050.00,BUY,150,221.2,33180
20-10-2025,11:46:59,NIFTY 20 OCT 2025 PE 26050.00,SELL,150,219,32850
20-10-2025,11:47:02,NIFTY 20 OCT 2025 PE 26050.00,BUY,150,218.05,32707.5
20-10-2025,11:47:11,NIFTY 20 OCT 2025 CE 25650.00,BUY,150,195.9,29385
20-10-2025,11:47:40,NIFTY 20 OCT 2025 CE 25650.00,SELL,150,199,29850
20-10-2025,11:47:42,NIFTY 20 OCT 2025 CE 25650.00,BUY,150,200.15,30022.5
20-10-2025,11:47:45,NIFTY 20 OCT 2025 CE 25650.00,SELL,150,200.7,30105
20-10-2025,11:47:47,NIFTY 20 OCT 2025 CE 25650.00,BUY,150,200.75,30112.5
20-10-2025,11:47:49,NIFTY 20 OCT 2025 CE 25650.00,SELL,150,200.5,30075
20-10-2025,11:47:51,NIFTY 20 OCT 2025 CE 25650.00,BUY,150,201.6,30240
20-10-2025,11:47:53,NIFTY 20 OCT 2025 CE 25650.00,SELL,150,200.25,30037.5
20-10-2025,11:47:56,NIFTY 20 OCT 2025 CE 25650.00,BUY,150,199.6,29940
20-10-2025,11:47:58,NIFTY 20 OCT 2025 CE 25650.00,SELL,150,200.7,30105
20-10-2025,11:48:00,NIFTY 20 OCT 2025 CE 25650.00,BUY,150,198.05,29707.5
20-10-2025,11:48:02,NIFTY 20 OCT 2025 CE 25650.00,SELL,150,199.05,29857.5
20-10-2025,11:48:04,NIFTY 20 OCT 2025 CE 25650.00,BUY,150,198.25,29737.5
20-10-2025,11:48:10,NIFTY 20 OCT 2025 CE 25650.00,SELL,150,198.5,29775
20-10-2025,11:48:12,NIFTY 20 OCT 2025 CE 25650.00,BUY,150,198.65,29797.5
20-10-2025,11:48:21,NIFTY 20 OCT 2025 CE 25650.00,SELL,150,200.85,30127.5
20-10-2025,11:48:23,NIFTY 20 OCT 2025 CE 25650.00,BUY,150,199.8,29970
20-10-2025,11:48:25,NIFTY 20 OCT 2025 CE 25650.00,SELL,150,202.7,30405
20-10-2025,11:48:27,NIFTY 20 OCT 2025 CE 25650.00,BUY,150,204.5,30675
20-10-2025,11:48:29,NIFTY 20 OCT 2025 CE 25650.00,SELL,150,204.05,30607.5
20-10-2025,11:48:31,NIFTY 20 OCT 2025 CE 25650.00,BUY,150,203.9,30585
20-10-2025,11:48:33,NIFTY 20 OCT 2025 CE 25650.00,SELL,150,204.75,30712.5
20-10-2025,11:48:35,NIFTY 20 OCT 2025 CE 25650.00,BUY,150,204.55,30682.5
20-10-2025,11:48:37,NIFTY 20 OCT 2025 CE 25650.00,SELL,150,204.8,30720
20-10-2025,11:48:39,NIFTY 20 OCT 2025 CE 25650.00,BUY,150,204,30600
20-10-2025,11:48:42,NIFTY 20 OCT 2025 CE 25650.00,SELL,150,201.3,30195
20-10-2025,11:48:44,NIFTY 20 OCT 2025 CE 25650.00,BUY,150,202,30300
20-10-2025,11:48:46,NIFTY 20 OCT 2025 CE 25650.00,SELL,150,201.2,30180
20-10-2025,11:48:48,NIFTY 20 OCT 2025 CE 25650.00,BUY,150,200.7,30105
20-10-2025,11:48:50,NIFTY 20 OCT 2025 CE 25650.00,SELL,150,202.3,30345
20-10-2025,11:48:52,NIFTY 20 OCT 2025 CE 25650.00,BUY,150,202.75,30412.5
20-10-2025,11:48:55,NIFTY 20 OCT 2025 CE 25650.00,SELL,150,202.5,30375
20-10-2025,11:48:58,NIFTY 20 OCT 2025 CE 25650.00,BUY,150,203,30450
20-10-2025,11:49:00,NIFTY 20 OCT 2025 CE 25650.00,SELL,150,202,30300
20-10-2025,11:49:02,NIFTY 20 OCT 2025 CE 25650.00,BUY,150,202,30300
20-10-2025,11:49:04,NIFTY 20 OCT 2025 CE 25650.00,SELL,150,204,30600
20-10-2025,11:49:06,NIFTY 20 OCT 2025 CE 25650.00,BUY,150,205,30750
20-10-2025,11:49:08,NIFTY 20 OCT 2025 CE 25650.00,SELL,150,203.5,30525
20-10-2025,11:49:10,NIFTY 20 OCT 2025 CE 25650.00,BUY,150,204.3,30645
20-10-2025,11:49:12,NIFTY 20 OCT 2025 CE 25650.00,SELL,150,204.1,30615
20-10-2025,11:49:14,NIFTY 20 OCT 2025 CE 25650.00,BUY,150,203,30450
20-10-2025,11:49:16,NIFTY 20 OCT 2025 CE 25650.00,SELL,150,204.4,30660
20-10-2025,11:49:18,NIFTY 20 OCT 2025 CE 25650.00,BUY,150,205.05,30757.5
20-10-2025,11:49:20,NIFTY 20 OCT 2025 CE 25650.00,SELL,150,204.25,30637.5
20-10-2025,11:49:22,NIFTY 20 OCT 2025 CE 25650.00,BUY,150,204.25,30637.5
20-10-2025,11:49:23,NIFTY 20 OCT 2025 PE 26050.00,SELL,150,201.25,30187.5
20-10-2025,11:49:25,NIFTY 20 OCT 2025 CE 25650.00,SELL,150,204.2,30630
20-10-2025,11:49:27,NIFTY 20 OCT 2025 CE 25650.00,BUY,150,203,30450
20-10-2025,11:49:29,NIFTY 20 OCT 2025 CE 25650.00,SELL,150,203.4,30510
20-10-2025,11:49:31,NIFTY 20 OCT 2025 CE 25650.00,BUY,150,203.4,30510
20-10-2025,11:49:33,NIFTY 20 OCT 2025 CE 25650.00,SELL,150,203.85,30577.5
20-10-2025,11:49:35,NIFTY 20 OCT 2025 CE 25650.00,BUY,150,202,30300
20-10-2025,11:49:38,NIFTY 20 OCT 2025 CE 25650.00,SELL,150,201.7,30255
20-10-2025,11:49:40,NIFTY 20 OCT 2025 CE 25650.00,BUY,150,201.8,30270
20-10-2025,11:49:42,NIFTY 20 OCT 2025 CE 25650.00,SELL,150,202.25,30337.5
20-10-2025,11:49:44,NIFTY 20 OCT 2025 CE 25650.00,BUY,150,203.4,30510
20-10-2025,11:49:46,NIFTY 20 OCT 2025 CE 25650.00,SELL,150,203,30450
20-10-2025,11:49:48,NIFTY 20 OCT 2025 CE 25650.00,BUY,150,202.25,30337.5
20-10-2025,11:49:50,NIFTY 20 OCT 2025 CE 25650.00,SELL,150,202.25,30337.5
20-10-2025,11:49:52,NIFTY 20 OCT 2025 CE 25650.00,BUY,150,203.05,30457.5
20-10-2025,11:49:55,NIFTY 20 OCT 2025 CE 25650.00,SELL,150,203.05,30457.5
20-10-2025,11:49:57,NIFTY 20 OCT 2025 CE 25650.00,BUY,150,203.05,30457.5
20-10-2025,11:50:00,NIFTY 20 OCT 2025 CE 25650.00,SELL,150,203.05,30457.5
20-10-2025,11:50:02,NIFTY 20 OCT 2025 CE 25650.00,BUY,150,201.3,30195
20-10-2025,11:50:04,NIFTY 20 OCT 2025 CE 25650.00,SELL,150,201.8,30270
20-10-2025,11:50:06,NIFTY 20 OCT 2025 CE 25650.00,BUY,150,203.5,30525
20-10-2025,11:50:08,NIFTY 20 OCT 2025 CE 25650.00,SELL,150,202.5,30375
20-10-2025,11:50:10,NIFTY 20 OCT 2025 CE 25650.00,BUY,150,202.4,30360
20-10-2025,11:50:12,NIFTY 20 OCT 2025 CE 25650.00,SELL,150,201,30150
20-10-2025,11:50:14,NIFTY 20 OCT 2025 CE 25650.00,BUY,150,202.5,30375
20-10-2025,11:50:16,NIFTY 20 OCT 2025 CE 25650.00,SELL,150,202.1,30315
20-10-2025,11:50:18,NIFTY 20 OCT 2025 CE 25650.00,BUY,150,203.4,30510
20-10-2025,11:50:20,NIFTY 20 OCT 2025 CE 25650.00,SELL,150,202.85,30427.5
20-10-2025,11:50:22,NIFTY 20 OCT 2025 CE 25650.00,BUY,150,203.3,30495
20-10-2025,11:50:24,NIFTY 20 OCT 2025 CE 25650.00,SELL,150,204,30600
20-10-2025,11:50:27,NIFTY 20 OCT 2025 CE 25650.00,BUY,150,206.4,30960
20-10-2025,11:52:34,NIFTY 20 OCT 2025 PE 26050.00,BUY,150,207.6,31140
20-10-2025,11:53:02,NIFTY 20 OCT 2025 CE 25650.00,SELL,150,192.5,28875
20-10-2025,11:54:06,NIFTY 20 OCT 2025 CE 25650.00,BUY,150,199.8,29970
20-10-2025,11:56:45,NIFTY 20 OCT 2025 CE 25650.00,SELL,150,190.5,28575
20-10-2025,11:57:26,NIFTY 20 OCT 2025 CE 25650.00,BUY,150,198,29700
20-10-2025,11:57:54,NIFTY 20 OCT 2025 PE 26050.00,SELL,150,202.6,30390
20-10-2025,11:58:01,NIFTY 20 OCT 2025 CE 25650.00,SELL,150,202.5,30375
20-10-2025,11:58:03,NIFTY 20 OCT 2025 CE 25650.00,BUY,150,202.15,30322.5
20-10-2025,11:58:05,NIFTY 20 OCT 2025 CE 25650.00,SELL,150,202.3,30345
20-10-2025,11:58:07,NIFTY 20 OCT 2025 CE 25650.00,BUY,150,200.25,30037.5
20-10-2025,11:58:09,NIFTY 20 OCT 2025 CE 25650.00,SELL,150,202.3,30345
20-10-2025,11:58:12,NIFTY 20 OCT 2025 CE 25650.00,BUY,150,202.3,30345
20-10-2025,11:58:58,NIFTY 20 OCT 2025 PE 26050.00,BUY,150,208.5,31275
20-10-2025,11:59:22,NIFTY 20 OCT 2025 CE 25650.00,SELL,150,204,30600
20-10-2025,11:59:25,NIFTY 20 OCT 2025 CE 25650.00,BUY,150,204.75,30712.5
20-10-2025,11:59:28,NIFTY 20 OCT 2025 CE 25650.00,SELL,150,204.55,30682.5
20-10-2025,11:59:31,NIFTY 20 OCT 2025 CE 25650.00,BUY,150,204.45,30667.5
20-10-2025,11:59:34,NIFTY 20 OCT 2025 CE 25650.00,SELL,150,204.75,30712.5
20-10-2025,11:59:36,NIFTY 20 OCT 2025 CE 25650.00,BUY,150,203.85,30577.5
20-10-2025,11:59:39,NIFTY 20 OCT 2025 CE 25650.00,SELL,150,205.1,30765
20-10-2025,11:59:42,NIFTY 20 OCT 2025 CE 25650.00,BUY,150,203.15,30472.5
20-10-2025,12:00:24,NIFTY 20 OCT 2025 PE 26050.00,SELL,150,205.85,30877.5
20-10-2025,12:00:31,NIFTY 20 OCT 2025 CE 25650.00,SELL,150,203,30450
20-10-2025,12:00:53,NIFTY 20 OCT 2025 PE 26050.00,BUY,150,199.35,29902.5
20-10-2025,12:01:21,NIFTY 20 OCT 2025 CE 25650.00,BUY,150,213.5,32025
20-10-2025,12:01:24,NIFTY 20 OCT 2025 CE 25650.00,SELL,150,212.75,31912.5
20-10-2025,12:01:27,NIFTY 20 OCT 2025 CE 25650.00,BUY,150,213.7,32055
20-10-2025,12:01:30,NIFTY 20 OCT 2025 CE 25650.00,SELL,150,213.65,32047.5
20-10-2025,12:01:32,NIFTY 20 OCT 2025 CE 25650.00,BUY,150,212.25,31837.5
20-10-2025,12:01:36,NIFTY 20 OCT 2025 CE 25650.00,SELL,150,210.7,31605
20-10-2025,12:01:39,NIFTY 20 OCT 2025 CE 25650.00,BUY,150,207.25,31087.5
20-10-2025,12:01:42,NIFTY 20 OCT 2025 CE 25650.00,SELL,150,208.85,31327.5
20-10-2025,12:01:45,NIFTY 20 OCT 2025 CE 25650.00,BUY,150,210,31500
20-10-2025,12:01:47,NIFTY 20 OCT 2025 CE 25650.00,SELL,150,210.65,31597.5
20-10-2025,12:03:10,NIFTY 20 OCT 2025 PE 26050.00,SELL,150,203.55,30532.5
20-10-2025,12:03:17,NIFTY 20 OCT 2025 PE 26050.00,BUY,150,208.6,31290
20-10-2025,12:03:20,NIFTY 20 OCT 2025 PE 26050.00,SELL,150,206.8,31020
20-10-2025,12:03:23,NIFTY 20 OCT 2025 PE 26050.00,BUY,150,207.25,31087.5
20-10-2025,12:03:27,NIFTY 20 OCT 2025 PE 26050.00,SELL,150,209.75,31462.5
20-10-2025,12:03:29,NIFTY 20 OCT 2025 PE 26050.00,BUY,150,209.35,31402.5
20-10-2025,12:03:32,NIFTY 20 OCT 2025 PE 26050.00,SELL,150,207.95,31192.5
20-10-2025,12:03:34,NIFTY 20 OCT 2025 PE 26050.00,BUY,150,206.8,31020
20-10-2025,12:03:36,NIFTY 20 OCT 2025 PE 26050.00,SELL,150,206.6,30990
20-10-2025,12:03:38,NIFTY 20 OCT 2025 PE 26050.00,BUY,150,205.8,30870
20-10-2025,12:03:40,NIFTY 20 OCT 2025 PE 26050.00,SELL,150,206.95,31042.5
20-10-2025,12:03:42,NIFTY 20 OCT 2025 PE 26050.00,BUY,150,206.7,31005
20-10-2025,12:03:45,NIFTY 20 OCT 2025 PE 26050.00,SELL,150,208,31200
20-10-2025,12:03:47,NIFTY 20 OCT 2025 PE 26050.00,BUY,150,208.45,31267.5
20-10-2025,12:03:50,NIFTY 20 OCT 2025 PE 26050.00,SELL,150,207.05,31057.5
20-10-2025,12:03:52,NIFTY 20 OCT 2025 PE 26050.00,BUY,150,206.5,30975
20-10-2025,12:04:11,NIFTY 20 OCT 2025 PE 26050.00,SELL,150,206.1,30915
20-10-2025,12:04:13,NIFTY 20 OCT 2025 PE 26050.00,BUY,150,207.7,31155
20-10-2025,12:04:15,NIFTY 20 OCT 2025 PE 26050.00,SELL,150,207.7,31155
20-10-2025,12:04:17,NIFTY 20 OCT 2025 PE 26050.00,BUY,150,207.7,31155
20-10-2025,12:04:20,NIFTY 20 OCT 2025 PE 26050.00,SELL,150,208.75,31312.5
20-10-2025,12:04:22,NIFTY 20 OCT 2025 PE 26050.00,BUY,150,208.75,31312.5
20-10-2025,12:04:24,NIFTY 20 OCT 2025 PE 26050.00,SELL,150,208.2,31230
20-10-2025,12:04:27,NIFTY 20 OCT 2025 PE 26050.00,BUY,150,209,31350
20-10-2025,12:04:29,NIFTY 20 OCT 2025 PE 26050.00,SELL,150,209.45,31417.5
20-10-2025,12:04:32,NIFTY 20 OCT 2025 PE 26050.00,BUY,150,210.2,31530
20-10-2025,12:04:34,NIFTY 20 OCT 2025 PE 26050.00,SELL,150,209.95,31492.5
20-10-2025,12:04:36,NIFTY 20 OCT 2025 PE 26050.00,BUY,150,209.85,31477.5
20-10-2025,12:04:38,NIFTY 20 OCT 2025 PE 26050.00,SELL,150,208.95,31342.5
20-10-2025,12:04:40,NIFTY 20 OCT 2025 PE 26050.00,BUY,150,206.65,30997.5
20-10-2025,12:04:43,NIFTY 20 OCT 2025 PE 26050.00,SELL,150,206.2,30930
20-10-2025,12:04:45,NIFTY 20 OCT 2025 PE 26050.00,BUY,150,205.15,30772.5
20-10-2025,12:04:57,NIFTY 20 OCT 2025 CE 25650.00,BUY,150,206.05,30907.5
20-10-2025,12:05:10,NIFTY 20 OCT 2025 CE 25650.00,SELL,150,209.45,31417.5
20-10-2025,12:05:12,NIFTY 20 OCT 2025 CE 25650.00,BUY,150,208.5,31275
20-10-2025,12:05:16,NIFTY 20 OCT 2025 CE 25650.00,SELL,150,209.95,31492.5
20-10-2025,12:05:18,NIFTY 20 OCT 2025 CE 25650.00,BUY,150,210.5,31575
20-10-2025,12:05:20,NIFTY 20 OCT 2025 CE 25650.00,SELL,150,212.75,31912.5
20-10-2025,12:05:22,NIFTY 20 OCT 2025 CE 25650.00,BUY,150,212.05,31807.5
20-10-2025,12:05:24,NIFTY 20 OCT 2025 CE 25650.00,SELL,150,212.3,31845
20-10-2025,12:05:26,NIFTY 20 OCT 2025 CE 25650.00,BUY,150,212.9,31935
20-10-2025,12:05:29,NIFTY 20 OCT 2025 CE 25650.00,SELL,150,210.6,31590
20-10-2025,12:05:31,NIFTY 20 OCT 2025 CE 25650.00,BUY,150,208.8,31320
20-10-2025,12:05:37,NIFTY 20 OCT 2025 CE 25650.00,SELL,150,209.65,31447.5
20-10-2025,12:05:39,NIFTY 20 OCT 2025 CE 25650.00,BUY,150,210.9,31635
20-10-2025,12:05:41,NIFTY 20 OCT 2025 CE 25650.00,SELL,150,210,31500
20-10-2025,12:05:43,NIFTY 20 OCT 2025 CE 25650.00,BUY,150,210.3,31545
20-10-2025,12:05:51,NIFTY 20 OCT 2025 CE 25650.00,SELL,150,209.75,31462.5
20-10-2025,12:05:53,NIFTY 20 OCT 2025 CE 25650.00,BUY,150,208.2,31230
20-10-2025,12:05:57,NIFTY 20 OCT 2025 CE 25650.00,SELL,150,210.6,31590
20-10-2025,12:06:00,NIFTY 20 OCT 2025 CE 25650.00,BUY,150,209.95,31492.5
20-10-2025,12:06:04,NIFTY 20 OCT 2025 CE 25650.00,SELL,150,210.5,31575
20-10-2025,12:06:06,NIFTY 20 OCT 2025 CE 25650.00,BUY,150,210.25,31537.5
20-10-2025,12:06:08,NIFTY 20 OCT 2025 CE 25650.00,SELL,150,211.55,31732.5
20-10-2025,12:06:10,NIFTY 20 OCT 2025 CE 25650.00,BUY,150,211.15,31672.5
20-10-2025,12:06:12,NIFTY 20 OCT 2025 CE 25650.00,SELL,150,210.4,31560
20-10-2025,12:06:14,NIFTY 20 OCT 2025 CE 25650.00,BUY,150,210,31500
20-10-2025,12:06:16,NIFTY 20 OCT 2025 CE 25650.00,SELL,150,212.3,31845
20-10-2025,12:06:19,NIFTY 20 OCT 2025 CE 25650.00,BUY,150,211.55,31732.5
20-10-2025,12:06:21,NIFTY 20 OCT 2025 CE 25650.00,SELL,150,211.2,31680
20-10-2025,12:06:23,NIFTY 20 OCT 2025 CE 25650.00,BUY,150,212.45,31867.5
20-10-2025,12:06:25,NIFTY 20 OCT 2025 CE 25650.00,SELL,150,212.45,31867.5
20-10-2025,12:06:27,NIFTY 20 OCT 2025 CE 25650.00,BUY,150,212.2,31830
20-10-2025,12:06:29,NIFTY 20 OCT 2025 CE 25650.00,SELL,150,212.1,31815
20-10-2025,12:06:32,NIFTY 20 OCT 2025 CE 25650.00,BUY,150,212.25,31837.5
20-10-2025,12:07:13,NIFTY 20 OCT 2025 PE 26050.00,SELL,150,205.4,30810
20-10-2025,12:07:15,NIFTY 20 OCT 2025 PE 26050.00,BUY,150,204.95,30742.5
20-10-2025,12:07:17,NIFTY 20 OCT 2025 PE 26050.00,SELL,150,204.95,30742.5
20-10-2025,12:07:19,NIFTY 20 OCT 2025 PE 26050.00,BUY,150,206.15,30922.5
20-10-2025,12:07:21,NIFTY 20 OCT 2025 PE 26050.00,SELL,150,206.75,31012.5
20-10-2025,12:07:23,NIFTY 20 OCT 2025 PE 26050.00,BUY,150,205.75,30862.5
20-10-2025,12:07:25,NIFTY 20 OCT 2025 PE 26050.00,SELL,150,206,30900
20-10-2025,12:07:27,NIFTY 20 OCT 2025 PE 26050.00,BUY,150,206.3,30945
20-10-2025,12:07:29,NIFTY 20 OCT 2025 PE 26050.00,SELL,150,204.9,30735
20-10-2025,12:07:32,NIFTY 20 OCT 2025 PE 26050.00,BUY,150,205.4,30810
20-10-2025,12:07:34,NIFTY 20 OCT 2025 PE 26050.00,SELL,150,206.25,30937.5
20-10-2025,12:07:36,NIFTY 20 OCT 2025 PE 26050.00,BUY,150,207,31050
20-10-2025,12:07:38,NIFTY 20 OCT 2025 PE 26050.00,SELL,150,206.05,30907.5
20-10-2025,12:07:41,NIFTY 20 OCT 2025 PE 26050.00,BUY,150,206.55,30982.5
20-10-2025,12:07:43,NIFTY 20 OCT 2025 PE 26050.00,SELL,150,206.85,31027.5
20-10-2025,12:07:45,NIFTY 20 OCT 2025 PE 26050.00,BUY,150,206.8,31020
20-10-2025,12:07:47,NIFTY 20 OCT 2025 PE 26050.00,SELL,150,206.8,31020
20-10-2025,12:07:49,NIFTY 20 OCT 2025 PE 26050.00,BUY,150,206.25,30937.5
20-10-2025,12:07:51,NIFTY 20 OCT 2025 PE 26050.00,SELL,150,205.9,30885
20-10-2025,12:07:53,NIFTY 20 OCT 2025 PE 26050.00,BUY,150,207.6,31140
20-10-2025,12:07:55,NIFTY 20 OCT 2025 PE 26050.00,SELL,150,206.85,31027.5
20-10-2025,12:07:57,NIFTY 20 OCT 2025 PE 26050.00,BUY,150,205.25,30787.5
20-10-2025,12:08:01,NIFTY 20 OCT 2025 PE 26050.00,SELL,150,205.95,30892.5
20-10-2025,12:08:03,NIFTY 20 OCT 2025 PE 26050.00,BUY,150,205.95,30892.5
20-10-2025,12:08:06,NIFTY 20 OCT 2025 PE 26050.00,SELL,150,205.95,30892.5
20-10-2025,12:08:08,NIFTY 20 OCT 2025 PE 26050.00,BUY,150,205.2,30780
20-10-2025,12:08:10,NIFTY 20 OCT 2025 PE 26050.00,SELL,150,206.6,30990
20-10-2025,12:08:12,NIFTY 20 OCT 2025 PE 26050.00,BUY,150,205.2,30780
20-10-2025,12:08:23,NIFTY 20 OCT 2025 PE 26050.00,SELL,150,206.05,30907.5
20-10-2025,12:08:25,NIFTY 20 OCT 2025 PE 26050.00,BUY,150,206.3,30945
20-10-2025,12:08:27,NIFTY 20 OCT 2025 PE 26050.00,SELL,150,206,30900
20-10-2025,12:08:29,NIFTY 20 OCT 2025 PE 26050.00,BUY,150,206,30900
20-10-2025,12:08:31,NIFTY 20 OCT 2025 PE 26050.00,SELL,150,206,30900
20-10-2025,12:08:33,NIFTY 20 OCT 2025 PE 26050.00,BUY,150,204.25,30637.5
20-10-2025,12:08:46,NIFTY 20 OCT 2025 PE 26050.00,SELL,150,206,30900
20-10-2025,12:08:48,NIFTY 20 OCT 2025 PE 26050.00,BUY,150,207,31050
20-10-2025,12:08:51,NIFTY 20 OCT 2025 PE 26050.00,SELL,150,207,31050
20-10-2025,12:08:53,NIFTY 20 OCT 2025 PE 26050.00,BUY,150,205,30750
20-10-2025,12:09:37,NIFTY 20 OCT 2025 CE 25650.00,SELL,150,210.6,31590
20-10-2025,12:09:39,NIFTY 20 OCT 2025 CE 25650.00,BUY,150,210.35,31552.5
20-10-2025,12:09:41,NIFTY 20 OCT 2025 CE 25650.00,SELL,150,211.35,31702.5
20-10-2025,12:09:43,NIFTY 20 OCT 2025 CE 25650.00,BUY,150,210.5,31575
20-10-2025,12:09:45,NIFTY 20 OCT 2025 CE 25650.00,SELL,150,211,31650
20-10-2025,12:09:47,NIFTY 20 OCT 2025 CE 25650.00,BUY,150,211.35,31702.5
20-10-2025,12:09:49,NIFTY 20 OCT 2025 CE 25650.00,SELL,150,210.55,31582.5
20-10-2025,12:09:52,NIFTY 20 OCT 2025 CE 25650.00,BUY,150,211,31650
20-10-2025,12:09:55,NIFTY 20 OCT 2025 CE 25650.00,SELL,150,210.75,31612.5
20-10-2025,12:09:57,NIFTY 20 OCT 2025 CE 25650.00,BUY,150,211.05,31657.5
20-10-2025,12:10:00,NIFTY 20 OCT 2025 CE 25650.00,SELL,150,211.5,31725
20-10-2025,12:10:02,NIFTY 20 OCT 2025 CE 25650.00,BUY,150,211.65,31747.5
20-10-2025,12:10:05,NIFTY 20 OCT 2025 CE 25650.00,SELL,150,211.35,31702.5
20-10-2025,12:10:08,NIFTY 20 OCT 2025 CE 25650.00,BUY,150,211.3,31695
20-10-2025,12:10:12,NIFTY 20 OCT 2025 CE 25650.00,SELL,150,213.25,31987.5
20-10-2025,12:10:15,NIFTY 20 OCT 2025 CE 25650.00,BUY,150,213.3,31995
20-10-2025,12:10:18,NIFTY 20 OCT 2025 CE 25650.00,SELL,150,213.45,32017.5
20-10-2025,12:10:21,NIFTY 20 OCT 2025 CE 25650.00,BUY,150,213.7,32055
20-10-2025,12:10:24,NIFTY 20 OCT 2025 CE 25650.00,SELL,150,214.65,32197.5
20-10-2025,12:10:27,NIFTY 20 OCT 2025 CE 25650.00,BUY,150,214.95,32242.5
20-10-2025,12:10:30,NIFTY 20 OCT 2025 CE 25650.00,SELL,150,212.2,31830
20-10-2025,12:10:33,NIFTY 20 OCT 2025 CE 25650.00,BUY,150,210.8,31620
20-10-2025,12:10:39,NIFTY 20 OCT 2025 CE 25650.00,SELL,150,212.95,31942.5
20-10-2025,12:10:43,NIFTY 20 OCT 2025 CE 25650.00,BUY,150,212.5,31875
20-10-2025,12:11:35,NIFTY 20 OCT 2025 CE 25650.00,SELL,150,213.7,32055
20-10-2025,12:11:37,NIFTY 20 OCT 2025 CE 25650.00,BUY,150,214.15,32122.5
20-10-2025,12:11:39,NIFTY 20 OCT 2025 CE 25650.00,SELL,150,213.75,32062.5
20-10-2025,12:11:42,NIFTY 20 OCT 2025 CE 25650.00,BUY,150,215,32250
20-10-2025,12:11:44,NIFTY 20 OCT 2025 CE 25650.00,SELL,150,216.6,32490
20-10-2025,12:11:46,NIFTY 20 OCT 2025 CE 25650.00,BUY,150,214.4,32160
20-10-2025,12:11:48,NIFTY 20 OCT 2025 CE 25650.00,SELL,150,216.35,32452.5
20-10-2025,12:11:50,NIFTY 20 OCT 2025 CE 25650.00,BUY,150,215.35,32302.5
20-10-2025,12:11:53,NIFTY 20 OCT 2025 CE 25650.00,SELL,150,214.9,32235
20-10-2025,12:11:55,NIFTY 20 OCT 2025 CE 25650.00,BUY,150,215.6,32340
20-10-2025,12:11:57,NIFTY 20 OCT 2025 CE 25650.00,SELL,150,215.45,32317.5
20-10-2025,12:11:59,NIFTY 20 OCT 2025 CE 25650.00,BUY,150,214.8,32220
20-10-2025,12:12:01,NIFTY 20 OCT 2025 CE 25650.00,SELL,150,213.9,32085
20-10-2025,12:12:04,NIFTY 20 OCT 2025 CE 25650.00,BUY,150,214.25,32137.5
20-10-2025,12:12:06,NIFTY 20 OCT 2025 CE 25650.00,SELL,150,214.55,32182.5
20-10-2025,12:12:08,NIFTY 20 OCT 2025 CE 25650.00,BUY,150,214.65,32197.5
20-10-2025,12:12:10,NIFTY 20 OCT 2025 CE 25650.00,SELL,150,214.95,32242.5
20-10-2025,12:12:14,NIFTY 20 OCT 2025 CE 25650.00,BUY,150,213.55,32032.5
20-10-2025,12:12:16,NIFTY 20 OCT 2025 CE 25650.00,SELL,150,214.2,32130
20-10-2025,12:12:19,NIFTY 20 OCT 2025 CE 25650.00,BUY,150,214.25,32137.5
20-10-2025,12:12:22,NIFTY 20 OCT 2025 CE 25650.00,SELL,150,213.95,32092.5
20-10-2025,12:12:24,NIFTY 20 OCT 2025 CE 25650.00,BUY,150,212.85,31927.5
20-10-2025,12:12:36,NIFTY 20 OCT 2025 CE 25650.00,SELL,150,213.9,32085
20-10-2025,12:12:39,NIFTY 20 OCT 2025 CE 25650.00,BUY,150,213.35,32002.5
20-10-2025,12:12:59,NIFTY 20 OCT 2025 CE 25650.00,SELL,150,215,32250
20-10-2025,12:13:02,NIFTY 20 OCT 2025 CE 25650.00,BUY,150,214.25,32137.5
20-10-2025,12:13:05,NIFTY 20 OCT 2025 CE 25650.00,SELL,150,214.25,32137.5
20-10-2025,12:13:08,NIFTY 20 OCT 2025 CE 25650.00,BUY,150,210.6,31590
20-10-2025,12:13:11,NIFTY 20 OCT 2025 CE 25650.00,SELL,150,212.6,31890
20-10-2025,12:14:19,NIFTY 20 OCT 2025 PE 26050.00,SELL,150,196.75,29512.5
20-10-2025,12:15:00,NIFTY 20 OCT 2025 PE 26050.00,BUY,150,191.7,28755
20-10-2025,12:21:32,NIFTY 20 OCT 2025 PE 26050.00,BUY,300,196.15,58845
20-10-2025,12:26:48,NIFTY 20 OCT 2025 CE 25650.00,BUY,300,209.3,62790
20-10-2025,12:27:31,NIFTY 20 OCT 2025 PE 26050.00,SELL,300,188.3,56490
20-10-2025,12:28:19,NIFTY 20 OCT 2025 PE 26050.00,BUY,300,195.2,58560
20-10-2025,12:28:46,NIFTY 20 OCT 2025 PE 26050.00,SELL,300,186.55,55965
20-10-2025,12:30:41,NIFTY 20 OCT 2025 PE 26050.00,BUY,300,195,58500
20-10-2025,12:31:24,NIFTY 20 OCT 2025 CE 25650.00,SELL,300,207.05,62115
20-10-2025,12:31:55,NIFTY 20 OCT 2025 CE 25650.00,BUY,300,213.95,64185
20-10-2025,12:38:57,NIFTY 20 OCT 2025 PE 26050.00,SELL,300,184.35,55305
20-10-2025,12:47:34,NIFTY 20 OCT 2025 PE 26050.00,BUY,300,172.95,51885
20-10-2025,12:50:11,NIFTY 20 OCT 2025 PE 26050.00,SELL,300,166.95,50085
20-10-2025,12:50:24,NIFTY 20 OCT 2025 CE 25650.00,SELL,300,246.1,73830
20-10-2025,12:59:36,NIFTY 20 OCT 2025 PE 26100.00,BUY,300,206.1,61830
20-10-2025,12:59:43,NIFTY 20 OCT 2025 CE 25700.00,BUY,300,199.75,59925
20-10-2025,13:01:26,NIFTY 20 OCT 2025 PE 26100.00,SELL,300,196.8,59040
20-10-2025,13:08:45,NIFTY 20 OCT 2025 PE 26100.00,BUY,300,191.15,57345
20-10-2025,13:08:52,NIFTY 20 OCT 2025 CE 25700.00,SELL,300,211.25,63375
20-10-2025,13:09:15,NIFTY 20 OCT 2025 CE 25700.00,BUY,300,217.05,65115
20-10-2025,13:10:49,NIFTY 20 OCT 2025 CE 25700.00,SELL,300,208.95,62685
20-10-2025,13:11:10,NIFTY 20 OCT 2025 CE 25700.00,BUY,300,216.4,64920
20-10-2025,13:15:47,NIFTY 20 OCT 2025 CE 25700.00,SELL,300,208.95,62685
20-10-2025,13:18:53,NIFTY 20 OCT 2025 PE 26100.00,SELL,300,220.35,66105
20-10-2025,13:20:43,NIFTY 20 OCT 2025 CE 25700.00,BUY,300,199,59700
20-10-2025,13:21:07,NIFTY 20 OCT 2025 PE 26100.00,BUY,300,204.9,61470
20-10-2025,13:29:04,NIFTY 20 OCT 2025 PE 26100.00,SELL,300,197.45,59235
20-10-2025,13:31:37,NIFTY 20 OCT 2025 PE 26100.00,BUY,300,204.4,61320
20-10-2025,13:34:36,NIFTY 20 OCT 2025 CE 25700.00,SELL,300,195.25,58575
20-10-2025,13:41:14,NIFTY 20 OCT 2025 PE 25950.00,BUY,600,71.4,42840
20-10-2025,13:41:40,NIFTY 20 OCT 2025 CE 25800.00,BUY,600,91.6,54960
20-10-2025,13:41:49,NIFTY 20 OCT 2025 PE 25950.00,SELL,600,67.1,40260
20-10-2025,13:42:21,NIFTY 20 OCT 2025 PE 25950.00,BUY,600,70,42000
20-10-2025,13:42:53,NIFTY 20 OCT 2025 CE 25800.00,SELL,600,88.1,52860
20-10-2025,13:44:22,NIFTY 20 OCT 2025 PE 25950.00,SELL,600,75.65,45390
20-10-2025,13:44:25,NIFTY 20 OCT 2025 PE 25950.00,BUY,600,76.15,45690
20-10-2025,13:44:27,NIFTY 20 OCT 2025 PE 25950.00,SELL,600,75.6,45360
20-10-2025,13:44:32,NIFTY 20 OCT 2025 CE 25800.00,BUY,600,85.6,51360
20-10-2025,13:44:47,NIFTY 20 OCT 2025 PE 25950.00,BUY,600,75.85,45510
20-10-2025,13:44:52,NIFTY 20 OCT 2025 PE 25950.00,SELL,600,74.65,44790
20-10-2025,13:45:15,NIFTY 20 OCT 2025 PE 25950.00,BUY,600,74.95,44970
20-10-2025,13:45:25,NIFTY 20 OCT 2025 PE 25950.00,SELL,600,72.4,43440
20-10-2025,13:46:38,NIFTY 20 OCT 2025 PE 25950.00,BUY,600,72.95,43770
20-10-2025,13:47:19,NIFTY 20 OCT 2025 CE 25800.00,SELL,600,84.75,50850
20-10-2025,14:36:48,NIFTY 20 OCT 2025 PE 25900.00,BUY,150,72.6,10890
20-10-2025,14:37:24,NIFTY 20 OCT 2025 PE 25900.00,SELL,150,69.5,10425
20-10-2025,14:37:28,NIFTY 20 OCT 2025 PE 25900.00,BUY,150,70.55,10582.5
20-10-2025,14:37:31,NIFTY 20 OCT 2025 CE 25750.00,BUY,150,84.8,12720
20-10-2025,14:37:32,NIFTY 20 OCT 2025 PE 25900.00,SELL,150,68.4,10260
20-10-2025,14:38:14,NIFTY 20 OCT 2025 CE 25750.00,SELL,150,82.9,12435
20-10-2025,14:38:15,NIFTY 20 OCT 2025 PE 25900.00,BUY,150,70.75,10612.5
20-10-2025,14:39:56,NIFTY 20 OCT 2025 CE 25750.00,BUY,150,63.8,9570
20-10-2025,14:39:58,NIFTY 20 OCT 2025 PE 25900.00,SELL,150,88.7,13305
20-10-2025,14:40:16,NIFTY 20 OCT 2025 PE 25900.00,BUY,150,88,13200
20-10-2025,14:40:22,NIFTY 20 OCT 2025 PE 25900.00,SELL,150,84.15,12622.5
20-10-2025,14:40:38,NIFTY 20 OCT 2025 PE 25900.00,BUY,150,84.7,12705
20-10-2025,14:40:45,NIFTY 20 OCT 2025 PE 25900.00,SELL,150,82,12300
20-10-2025,14:41:14,NIFTY 20 OCT 2025 PE 25900.00,BUY,150,84.45,12667.5
20-10-2025,14:41:27,NIFTY 20 OCT 2025 CE 25750.00,SELL,150,66.9,10035
20-10-2025,14:41:52,NIFTY 20 OCT 2025 CE 25750.00,BUY,150,69.1,10365
21-10-2025,13:45:05,SENSEX 23 OCT 2025 CE 84800.00,BUY,40,180.45,7218
21-10-2025,13:45:08,SENSEX 23 OCT 2025 CE 84800.00,SELL,40,165.55,6622
21-10-2025,13:45:15,SENSEX 23 OCT 2025 CE 84800.00,BUY,40,180.05,7202
21-10-2025,13:46:07,SENSEX 23 OCT 2025 CE 84800.00,SELL,40,164,6560
21-10-2025,13:48:36,SENSEX 23 OCT 2025 PE 84500.00,BUY,40,166,6640
21-10-2025,13:53:06,SENSEX 23 OCT 2025 PE 84500.00,BUY,40,205.2,8208
21-10-2025,13:53:34,SENSEX 23 OCT 2025 PE 84500.00,SELL,40,196.55,7862
21-10-2025,13:53:36,SENSEX 23 OCT 2025 PE 84500.00,BUY,40,193.95,7758
21-10-2025,13:53:39,SENSEX 23 OCT 2025 PE 84500.00,SELL,40,191.35,7654
21-10-2025,13:54:12,SENSEX 23 OCT 2025 PE 84500.00,BUY,40,192.9,7716
21-10-2025,13:54:54,SENSEX 23 OCT 2025 PE 84500.00,SELL,40,186,7440
21-10-2025,13:55:17,SENSEX 23 OCT 2025 PE 84500.00,BUY,40,191.55,7662
21-10-2025,13:56:15,SENSEX 23 OCT 2025 CE 84700.00,BUY,40,197.5,7900
21-10-2025,13:56:18,SENSEX 23 OCT 2025 PE 84500.00,SELL,40,183.6,7344
21-10-2025,13:56:35,SENSEX 23 OCT 2025 PE 84500.00,BUY,40,189.05,7562
21-10-2025,13:56:58,SENSEX 23 OCT 2025 CE 84700.00,SELL,40,184.15,7366
21-10-2025,14:02:46,SENSEX 23 OCT 2025 PE 84500.00,SELL,40,181,7240
21-10-2025,14:03:24,SENSEX 23 OCT 2025 PE 84500.00,BUY,40,189.25,7570
21-10-2025,14:06:11,SENSEX 23 OCT 2025 CE 84700.00,BUY,40,190.15,7606
21-10-2025,14:12:26,SENSEX 23 OCT 2025 PE 84500.00,SELL,40,178.8,7152
21-10-2025,14:18:07,SENSEX 23 OCT 2025 PE 84500.00,BUY,40,180.75,7230
21-10-2025,14:21:03,SENSEX 23 OCT 2025 CE 84700.00,SELL,40,180.5,7220
21-10-2025,14:27:26,SENSEX 23 OCT 2025 PE 84500.00,SELL,40,195.5,7820
21-10-2025,14:27:29,SENSEX 23 OCT 2025 PE 84500.00,BUY,40,194,7760
21-10-2025,14:27:34,SENSEX 23 OCT 2025 PE 84500.00,SELL,40,191.75,7670
21-10-2025,14:27:42,SENSEX 23 OCT 2025 PE 84500.00,BUY,40,196.65,7866
21-10-2025,14:31:02,SENSEX 23 OCT 2025 PE 84500.00,BUY,40,223.8,8952
21-10-2025,14:33:19,SENSEX 23 OCT 2025 PE 84500.00,SELL,40,212.65,8506
21-10-2025,14:33:21,SENSEX 23 OCT 2025 PE 84500.00,BUY,40,213.5,8540
21-10-2025,14:33:25,SENSEX 23 OCT 2025 PE 84500.00,SELL,40,210.45,8418
21-10-2025,14:33:39,SENSEX 23 OCT 2025 CE 84600.00,BUY,40,188.65,7546
21-10-2025,14:35:27,SENSEX 23 OCT 2025 PE 84500.00,BUY,40,209.4,8376
21-10-2025,14:35:55,SENSEX 23 OCT 2025 CE 84600.00,SELL,40,177.55,7102
21-10-2025,14:40:25,SENSEX 23 OCT 2025 PE 84300.00,BUY,40,175.2,7008
23-10-2025,09:51:18,SENSEX 23 OCT 2025 CE 85300.00,BUY,200,124.45,24890
23-10-2025,09:51:30,SENSEX 23 OCT 2025 PE 85100.00,BUY,200,131.6,26320
23-10-2025,09:51:57,SENSEX 23 OCT 2025 CE 85300.00,SELL,200,113.85,22770
24-10-2025,11:55:18,NIFTY 28 OCT 2025 PE 25900.00,BUY,300,103.25,30975
24-10-2025,11:56:18,NIFTY 28 OCT 2025 CE 25900.00,BUY,300,94.55,28365
24-10-2025,11:59:56,NIFTY 28 OCT 2025 PE 25900.00,SELL,300,106.4,31920
24-10-2025,12:00:57,NIFTY 28 OCT 2025 CE 25900.00,SELL,300,92.1,27630
24-10-2025,12:01:44,NIFTY 28 OCT 2025 PE 25900.00,BUY,300,102.5,30750
24-10-2025,12:02:17,NIFTY 28 OCT 2025 PE 25900.00,SELL,300,104.75,31425
24-10-2025,12:03:10,NIFTY 28 OCT 2025 PE 25900.00,BUY,300,110.8,33240
24-10-2025,12:05:11,NIFTY 28 OCT 2025 CE 25900.00,BUY,300,91.45,27435
24-10-2025,12:08:24,NIFTY 28 OCT 2025 PE 25900.00,SELL,300,101.45,30435
24-10-2025,12:11:11,NIFTY 28 OCT 2025 CE 25900.00,SELL,300,101.3,30390
24-10-2025,12:14:44,NIFTY 28 OCT 2025 PE 25900.00,BUY,300,96.9,29070
24-10-2025,12:15:35,NIFTY 28 OCT 2025 PE 25900.00,SELL,300,96.8,29040
24-10-2025,12:16:19,NIFTY 28 OCT 2025 CE 25900.00,BUY,300,97.65,29295
24-10-2025,12:16:25,NIFTY 28 OCT 2025 CE 25900.00,SELL,300,94.4,28320
24-10-2025,12:16:27,NIFTY 28 OCT 2025 PE 25900.00,BUY,300,101.5,30450
24-10-2025,12:21:41,NIFTY 28 OCT 2025 PE 25900.00,SELL,300,100.25,30075
24-10-2025,12:22:52,NIFTY 28 OCT 2025 CE 25900.00,BUY,300,97.4,29220
24-10-2025,12:25:00,NIFTY 28 OCT 2025 CE 25900.00,SELL,300,108.95,32685
24-10-2025,12:26:27,NIFTY 28 OCT 2025 PE 25900.00,BUY,300,91.4,27420
24-10-2025,12:26:58,NIFTY 28 OCT 2025 CE 25900.00,BUY,300,103.95,31185
24-10-2025,12:29:38,NIFTY 28 OCT 2025 CE 25900.00,SELL,300,96.65,28995
24-10-2025,12:30:20,NIFTY 28 OCT 2025 PE 25900.00,SELL,300,101.1,30330
24-10-2025,12:37:20,NIFTY 28 OCT 2025 CE 25900.00,BUY,300,95.9,28770
24-10-2025,12:37:53,NIFTY 28 OCT 2025 PE 25900.00,BUY,300,98.7,29610
24-10-2025,12:40:57,NIFTY 28 OCT 2025 CE 25900.00,SELL,300,90.1,27030
24-10-2025,12:42:25,NIFTY 28 OCT 2025 PE 25900.00,SELL,300,109.35,32805
24-10-2025,12:43:47,NIFTY 28 OCT 2025 PE 25900.00,BUY,300,102.25,30675
24-10-2025,12:43:53,NIFTY 28 OCT 2025 CE 25900.00,BUY,300,92.1,27630
24-10-2025,12:48:02,NIFTY 28 OCT 2025 CE 25900.00,SELL,300,86.15,25845
24-10-2025,12:48:50,NIFTY 28 OCT 2025 PE 25900.00,SELL,300,102.8,30840
24-10-2025,12:50:21,NIFTY 28 OCT 2025 CE 25900.00,BUY,300,85.6,25680
24-10-2025,12:50:49,NIFTY 28 OCT 2025 CE 25900.00,SELL,300,82.4,24720
24-10-2025,12:51:05,NIFTY 28 OCT 2025 PE 25900.00,BUY,300,111.35,33405
24-10-2025,12:52:58,NIFTY 28 OCT 2025 PE 25900.00,BUY,300,113.5,34050
24-10-2025,12:55:51,NIFTY 28 OCT 2025 PE 25900.00,SELL,300,125.2,37560
24-10-2025,12:58:05,NIFTY 28 OCT 2025 PE 25900.00,BUY,300,119.85,35955
24-10-2025,12:58:55,NIFTY 28 OCT 2025 PE 25900.00,SELL,300,123.5,37050
24-10-2025,13:00:40,NIFTY 28 OCT 2025 CE 25800.00,BUY,300,122.8,36840
24-10-2025,13:01:32,NIFTY 28 OCT 2025 CE 25800.00,SELL,300,126.7,38010
24-10-2025,13:01:35,NIFTY 28 OCT 2025 PE 25900.00,BUY,300,119.5,35850
24-10-2025,13:04:13,NIFTY 28 OCT 2025 PE 25900.00,SELL,300,115.75,34725
24-10-2025,13:05:55,NIFTY 28 OCT 2025 PE 25900.00,BUY,300,121.5,36450
24-10-2025,13:08:41,NIFTY 28 OCT 2025 CE 25800.00,BUY,300,127.3,38190
24-10-2025,13:13:33,NIFTY 28 OCT 2025 CE 25800.00,SELL,300,127.9,38370
24-10-2025,13:13:37,NIFTY 28 OCT 2025 PE 25900.00,SELL,300,120.75,36225
24-10-2025,13:14:40,NIFTY 28 OCT 2025 PE 25900.00,BUY,300,117.8,35340
24-10-2025,13:15:31,NIFTY 28 OCT 2025 PE 25900.00,SELL,300,122.25,36675
24-10-2025,13:15:51,NIFTY 28 OCT 2025 PE 25900.00,BUY,300,117.8,35340
24-10-2025,13:16:15,NIFTY 28 OCT 2025 PE 25900.00,SELL,300,121.3,36390
24-10-2025,13:16:59,NIFTY 28 OCT 2025 CE 25800.00,BUY,300,124,37200
24-10-2025,13:17:36,NIFTY 28 OCT 2025 CE 25800.00,SELL,300,120,36000
24-10-2025,13:17:38,NIFTY 28 OCT 2025 PE 25900.00,BUY,300,130.2,39060
24-10-2025,13:19:41,NIFTY 28 OCT 2025 PE 25900.00,SELL,300,125.55,37665
24-10-2025,13:21:04,NIFTY 28 OCT 2025 CE 25800.00,BUY,300,118,35400
24-10-2025,13:23:49,NIFTY 28 OCT 2025 CE 25800.00,SELL,300,111.45,33435
24-10-2025,13:23:49,NIFTY 28 OCT 2025 PE 25900.00,BUY,300,136.15,40845
24-10-2025,13:28:41,NIFTY 28 OCT 2025 PE 25900.00,SELL,300,136.05,40815
24-10-2025,13:29:21,NIFTY 28 OCT 2025 PE 25900.00,BUY,300,145.05,43515
24-10-2025,13:30:39,NIFTY 28 OCT 2025 PE 25850.00,BUY,300,119.2,35760
24-10-2025,13:31:32,NIFTY 28 OCT 2025 PE 25850.00,SELL,300,131.6,39480
24-10-2025,13:48:20,NIFTY 28 OCT 2025 PE 25800.00,BUY,300,126.35,37905
24-10-2025,13:48:53,NIFTY 28 OCT 2025 CE 25700.00,BUY,300,127.4,38220
24-10-2025,13:56:47,NIFTY 28 OCT 2025 PE 25800.00,SELL,300,120.45,36135
24-10-2025,13:57:42,NIFTY 28 OCT 2025 CE 25700.00,SELL,300,133.3,39990
24-10-2025,14:02:21,NIFTY 28 OCT 2025 CE 25700.00,BUY,300,131.7,39510
24-10-2025,14:02:22,NIFTY 28 OCT 2025 PE 25800.00,BUY,300,123.95,37185
24-10-2025,14:02:48,NIFTY 28 OCT 2025 CE 25700.00,SELL,300,134.7,40410
24-10-2025,14:06:08,NIFTY 28 OCT 2025 PE 25800.00,SELL,300,114.2,34260
24-10-2025,14:07:49,NIFTY 28 OCT 2025 CE 25700.00,BUY,300,142.25,42675
24-10-2025,14:09:31,NIFTY 28 OCT 2025 PE 25800.00,BUY,300,116.2,34860
24-10-2025,14:10:08,NIFTY 28 OCT 2025 PE 25800.00,SELL,300,110.85,33255
24-10-2025,14:15:48,NIFTY 28 OCT 2025 PE 25800.00,BUY,300,107.7,32310
24-10-2025,14:17:18,NIFTY 28 OCT 2025 PE 25800.00,SELL,300,100.1,30030
24-10-2025,14:18:31,NIFTY 28 OCT 2025 CE 25750.00,BUY,300,121.35,36405
24-10-2025,14:19:38,NIFTY 28 OCT 2025 PE 25850.00,BUY,300,134.3,40290
